business_id,score,date,type
08FOOD-0174,100,20150407,routine
08FOOD-0174,100,20141201,routine
08FOOD-0174,98,20140820,routine
08FOOD-0174,97,20140507,routine
08FOOD-0175,90,20150115,routine
08FOOD-0175,96,20140731,followup
08FOOD-0175,87,20140725,routine
08FOOD-0175,90,20140218,routine
08FOOD-0177,91,20150305,routine
08FOOD-0177,91,20141111,routine
08FOOD-0177,92,20140404,routine
08FOOD-0180,94,20150109,routine
08FOOD-0180,95,20140714,routine
08FOOD-0180,94,20140307,followup
08FOOD-0180,100,20140307,routine
08FOOD-0181,88,20150108,routine
08FOOD-0181,96,20140709,followup
08FOOD-0181,85,20140702,routine
08FOOD-0181,94,20140218,routine
08FOOD-0184,100,20150427,routine
08FOOD-0184,100,20141121,routine
08FOOD-0184,93,20140707,routine
08FOOD-0189,96,20140519,routine
09FOOD-0007,100,20140820,routine
09FOOD-0012,98,20141111,routine
09FOOD-0014,100,20150407,routine
09FOOD-0014,100,20141216,routine
09FOOD-0014,100,20140818,routine
09FOOD-0014,100,20140430,routine
09FOOD-0015,98,20140626,routine
09FOOD-0019,98,20140521,routine
09FOOD-0020,100,20150429,routine
09FOOD-0020,100,20140430,routine
09FOOD-0030,98,20150303,routine
09FOOD-0030,99,20140129,routine
09FOOD-0032,96,20150216,routine
09FOOD-0036,83,20150224,routine
09FOOD-0036,81,20141021,routine
09FOOD-0036,74,20140617,routine
09FOOD-0036,83,20140226,routine
09FOOD-0037,92,20150130,routine
09FOOD-0037,96,20140606,routine
09FOOD-0037,94,20140113,routine
09FOOD-0039,89,20150113,routine
09FOOD-0039,95,20140715,routine
09FOOD-0039,100,20140109,followup
09FOOD-0041,99,20150521,routine
09FOOD-0041,97,20150203,routine
09FOOD-0041,100,20141208,routine
09FOOD-0041,100,20140825,routine
09FOOD-0041,96,20140225,routine
09FOOD-0042,95,20150203,routine
09FOOD-0042,92,20141017,routine
09FOOD-0042,97,20140219,routine
09FOOD-0043,99,20150428,routine
09FOOD-0043,100,20141120,routine
09FOOD-0043,99,20140806,routine
09FOOD-0043,95,20140423,routine
09FOOD-0045,99,20150310,routine
09FOOD-0045,100,20141118,routine
09FOOD-0045,95,20140708,routine
09FOOD-0051,100,20140619,routine
09FOOD-0053,90,20150511,routine
09FOOD-0053,96,20141020,routine
09FOOD-0053,91,20140310,routine
09FOOD-0054,97,20150211,routine
09FOOD-0054,90,20140819,routine
09FOOD-0054,93,20140306,routine
09FOOD-0056,100,20150512,routine
09FOOD-0056,100,20141114,routine
09FOOD-0056,100,20140718,routine
09FOOD-0056,97,20140319,routine
09FOOD-0060,94,20150617,routine
09FOOD-0060,95,20150212,routine
09FOOD-0060,93,20141020,routine
09FOOD-0060,93,20140415,routine
09FOOD-0061,93,20150128,routine
09FOOD-0061,95,20140715,routine
09FOOD-0061,100,20140131,followup
09FOOD-0061,100,20140121,followup
09FOOD-0061,90,20140115,routine
09FOOD-0062,99,20150422,routine
09FOOD-0062,100,20141119,routine
09FOOD-0062,93,20140708,routine
09FOOD-0063,100,20150310,routine
09FOOD-0063,100,20141121,routine
09FOOD-0063,99,20140808,routine
09FOOD-0063,98,20140425,routine
09FOOD-0064,98,20150520,routine
09FOOD-0064,98,20141024,routine
09FOOD-0064,92,20140623,routine
09FOOD-0066,87,20150331,routine
09FOOD-0066,100,20141110,followup
09FOOD-0066,79,20141027,routine
09FOOD-0066,87,20140415,routine
09FOOD-0068,88,20150402,routine
09FOOD-0068,89,20141016,routine
09FOOD-0068,87,20140311,routine
09FOOD-0069,95,20150420,routine
09FOOD-0069,100,20141110,routine
09FOOD-0069,96,20140701,routine
09FOOD-0070,98,20150302,routine
09FOOD-0070,100,20141125,routine
09FOOD-0070,98,20140818,routine
09FOOD-0070,89,20140516,routine
09FOOD-0072,83,20150518,routine
09FOOD-0072,81,20150310,routine
09FOOD-0072,86,20141106,routine
09FOOD-0072,92,20140414,routine
09FOOD-0073,100,20150415,routine
09FOOD-0073,91,20141022,routine
09FOOD-0073,96,20140430,routine
09FOOD-0074,98,20150514,routine
09FOOD-0074,87,20150209,routine
09FOOD-0074,96,20141015,routine
09FOOD-0074,95,20140429,routine
09FOOD-0075,92,20150616,routine
09FOOD-0075,92,20150205,routine
09FOOD-0075,93,20141014,routine
09FOOD-0075,95,20140604,routine
09FOOD-0075,90,20140219,routine
09FOOD-0076,98,20150324,routine
09FOOD-0076,100,20141202,routine
09FOOD-0076,98,20140904,routine
09FOOD-0076,92,20140410,routine
09FOOD-0077,79,20150316,routine
09FOOD-0077,92,20141104,routine
09FOOD-0077,100,20140723,followup
09FOOD-0077,84,20140707,routine
09FOOD-0077,99,20140331,followup
09FOOD-0077,84,20140312,routine
09FOOD-0078,97,20150406,routine
09FOOD-0078,100,20141103,routine
09FOOD-0078,100,20140725,routine
09FOOD-0078,93,20140422,routine
09FOOD-0079,90,20150324,routine
09FOOD-0079,93,20141111,routine
09FOOD-0079,98,20140714,followup
09FOOD-0079,84,20140702,routine
09FOOD-0079,89,20140220,routine
09FOOD-0083,96,20150325,routine
09FOOD-0083,100,20141125,routine
09FOOD-0083,100,20140901,followup
09FOOD-0083,88,20140821,routine
09FOOD-0083,100,20140505,followup
09FOOD-0083,85,20140423,routine
09FOOD-0084,99,20150526,routine
09FOOD-0084,98,20150204,routine
09FOOD-0084,100,20141203,routine
09FOOD-0084,100,20140908,followup
09FOOD-0084,93,20140827,routine
09FOOD-0084,97,20140428,routine
09FOOD-0085,82,20150526,routine
09FOOD-0085,92,20150203,routine
09FOOD-0085,91,20141002,routine
09FOOD-0085,86,20140527,routine
09FOOD-0085,95,20140117,routine
09FOOD-0087,84,20150513,routine
09FOOD-0087,90,20150217,routine
09FOOD-0087,83,20141014,routine
09FOOD-0087,97,20140430,routine
09FOOD-0089,96,20150330,routine
09FOOD-0089,91,20141017,routine
09FOOD-0089,96,20140512,routine
09FOOD-0090,100,20150428,routine
09FOOD-0090,100,20141216,routine
09FOOD-0090,100,20140828,routine
09FOOD-0090,94,20140430,routine
09FOOD-0091,97,20150320,routine
09FOOD-0091,100,20141120,routine
09FOOD-0091,92,20140812,routine
09FOOD-0091,97,20140423,routine
09FOOD-0092,81,20150325,routine
09FOOD-0092,92,20141110,routine
09FOOD-0092,84,20140715,routine
09FOOD-0092,88,20140331,routine
09FOOD-0093,92,20150324,routine
09FOOD-0093,100,20141105,routine
09FOOD-0093,99,20140730,routine
09FOOD-0093,96,20140429,routine
09FOOD-0094,95,20141106,routine
09FOOD-0094,97,20140519,routine
09FOOD-0095,98,20150421,routine
09FOOD-0095,100,20141119,routine
09FOOD-0095,91,20140408,routine
09FOOD-0099,92,20150617,routine
09FOOD-0099,95,20150216,routine
09FOOD-0099,89,20141002,routine
09FOOD-0099,92,20140529,routine
09FOOD-0099,97,20140130,routine
09FOOD-0100,82,20150325,routine
09FOOD-0100,82,20141113,routine
09FOOD-0100,85,20140723,routine
09FOOD-0100,89,20140409,routine
09FOOD-0101,92,20141024,routine
09FOOD-0101,86,20140623,routine
09FOOD-0105,100,20150105,routine
09FOOD-0105,99,20140728,routine
09FOOD-0105,99,20140404,routine
09FOOD-0106,99,20150415,routine
09FOOD-0106,99,20141114,routine
09FOOD-0106,98,20140619,routine
09FOOD-0107,100,20150205,routine
09FOOD-0107,100,20141014,routine
09FOOD-0107,100,20140625,routine
09FOOD-0108,100,20150612,routine
09FOOD-0108,100,20150318,routine
09FOOD-0108,100,20140729,routine
09FOOD-0108,100,20140324,routine
09FOOD-0114,100,20150422,routine
09FOOD-0114,100,20141118,routine
09FOOD-0114,100,20140701,routine
09FOOD-0115,100,20150324,routine
09FOOD-0115,100,20141203,routine
09FOOD-0115,100,20140829,routine
09FOOD-0115,100,20140414,routine
09FOOD-0116,96,20150518,routine
09FOOD-0116,100,20141203,routine
09FOOD-0116,100,20140708,routine
09FOOD-0117,86,20141217,routine
09FOOD-0117,100,20140724,followup
09FOOD-0117,85,20140717,routine
09FOOD-0119,100,20150402,routine
09FOOD-0119,100,20141223,routine
09FOOD-0119,95,20140826,routine
09FOOD-0119,100,20140225,routine
09FOOD-0120,96,20150306,routine
09FOOD-0120,90,20140124,routine
09FOOD-0121,90,20150319,routine
09FOOD-0121,83,20141118,routine
09FOOD-0121,82,20140729,routine
09FOOD-0121,87,20140416,routine
09FOOD-0129,99,20150320,routine
09FOOD-0129,98,20140722,routine
09FOOD-0129,95,20140326,routine
09FOOD-0130,95,20140422,routine
09FOOD-0131,100,20150323,routine
09FOOD-0132,100,20150408,routine
09FOOD-0132,100,20141121,routine
09FOOD-0132,100,20140808,routine
09FOOD-0132,100,20140422,routine
09FOOD-0133,96,20140428,routine
09FOOD-0135,98,20150429,routine
09FOOD-0135,100,20141114,routine
09FOOD-0135,98,20140411,routine
09FOOD-0137,99,20150424,routine
09FOOD-0139,100,20150422,routine
09FOOD-0139,100,20140421,routine
09FOOD-0140,100,20150420,routine
09FOOD-0140,100,20140428,routine
09FOOD-0147,100,20150408,routine
09FOOD-0147,100,20141030,routine
09FOOD-0147,100,20140422,routine
09FOOD-0149,100,20140422,routine
09FOOD-0151,98,20150407,routine
09FOOD-0151,100,20141201,routine
09FOOD-0151,98,20140820,routine
09FOOD-0151,97,20140507,routine
09FOOD-0153,98,20150121,routine
09FOOD-0153,97,20140211,routine
09FOOD-0154,97,20150220,routine
09FOOD-0154,99,20141013,routine
09FOOD-0154,91,20140616,routine
09FOOD-0157,100,20140822,routine
09FOOD-0159,100,20141118,routine
09FOOD-0160,100,20140821,routine
09FOOD-0162,100,20150609,followup
09FOOD-0162,90,20150609,routine
09FOOD-0162,96,20141124,routine
09FOOD-0162,98,20140519,routine
09FOOD-0163,100,20150529,routine
09FOOD-0163,100,20150217,routine
09FOOD-0163,100,20141104,routine
09FOOD-0163,100,20140729,routine
09FOOD-0163,100,20140428,routine
09FOOD-0164,98,20141124,routine
09FOOD-0166,96,20150316,followup
09FOOD-0166,91,20150316,routine
09FOOD-0166,93,20140930,routine
09FOOD-0166,86,20140401,routine
09FOOD-0168,98,20150416,routine
09FOOD-0168,98,20141107,routine
09FOOD-0168,100,20140417,routine
09FOOD-0169,99,20150608,routine
09FOOD-0169,98,20150114,routine
09FOOD-0169,98,20140930,routine
09FOOD-0169,97,20140929,routine
09FOOD-0169,96,20140514,routine
09FOOD-0169,96,20140114,routine
09FOOD-0170,100,20150316,followup
09FOOD-0170,79,20150309,routine
09FOOD-0170,100,20141114,followup
09FOOD-0170,81,20141113,routine
09FOOD-0170,92,20140407,routine
09FOOD-0171,87,20150302,routine
09FOOD-0171,99,20141013,routine
09FOOD-0171,86,20140306,routine
09FOOD-0173,70,20150413,routine
09FOOD-0176,95,20150112,routine
09FOOD-0176,96,20140714,routine
09FOOD-0176,95,20140317,routine
09FOOD-0177,100,20150429,routine
09FOOD-0177,100,20141117,routine
09FOOD-0177,100,20140318,routine
09FOOD-0178,94,20150306,routine
09FOOD-0180,98,20150618,routine
09FOOD-0180,98,20141121,routine
09FOOD-0181,100,20150528,routine
09FOOD-0181,98,20150209,routine
09FOOD-0181,100,20141029,routine
09FOOD-0181,99,20140618,routine
09FOOD-0181,98,20140129,routine
09FOOD-0182,93,20150317,routine
09FOOD-0182,95,20141028,routine
09FOOD-0182,96,20140624,followup
09FOOD-0182,89,20140624,routine
09FOOD-0182,96,20140113,routine
09FOOD-0183,98,20150421,routine
09FOOD-0183,90,20141202,routine
09FOOD-0183,96,20140428,routine
09FOOD-0184,97,20150406,routine
09FOOD-0184,92,20141010,routine
09FOOD-0184,98,20140729,routine
09FOOD-0184,89,20140324,routine
09FOOD-0185,100,20150403,routine
09FOOD-0185,100,20141204,routine
09FOOD-0185,100,20140612,followup
09FOOD-0185,100,20140425,routine
09FOOD-0186,98,20150330,routine
09FOOD-0186,97,20140722,routine
09FOOD-0186,97,20140408,routine
09FOOD-0187,95,20150313,routine
09FOOD-0187,98,20140729,routine
09FOOD-0187,98,20140408,routine
09FOOD-0189,100,20150423,routine
09FOOD-0189,100,20140801,routine
09FOOD-0189,100,20140418,routine
09FOOD-0191,100,20150416,routine
09FOOD-0191,100,20141028,routine
09FOOD-0191,98,20140408,routine
09FOOD-0192,89,20150424,routine
09FOOD-0192,88,20141204,routine
09FOOD-0192,95,20140429,routine
09FOOD-0197,100,20140820,routine
09FOOD-0201,100,20140821,routine
09FOOD-0202,92,20150309,routine
09FOOD-0202,100,20141015,routine
09FOOD-0202,96,20140624,routine
09FOOD-0207,95,20150204,routine
09FOOD-0207,95,20140820,routine
09FOOD-0207,90,20140521,routine
09FOOD-0207,92,20140127,routine
09FOOD-0208,79,20150610,routine
09FOOD-0208,84,20150129,routine
09FOOD-0208,92,20141003,followup
09FOOD-0208,79,20140923,routine
09FOOD-0208,84,20140513,routine
09FOOD-0208,90,20140123,routine
09FOOD-0212,99,20141029,routine
09FOOD-0213,98,20150424,routine
09FOOD-0214,100,20150421,routine
09FOOD-0214,100,20141216,routine
09FOOD-0214,98,20140827,routine
09FOOD-0214,91,20140319,routine
09FOOD-0215,84,20150611,routine
09FOOD-0215,97,20150211,routine
09FOOD-0215,94,20141015,routine
09FOOD-0215,96,20140603,routine
09FOOD-0215,97,20140225,routine
09FOOD-0223,97,20150422,routine
09FOOD-0223,100,20141110,routine
09FOOD-0223,94,20140721,routine
09FOOD-0224,99,20150609,routine
09FOOD-0224,98,20150331,routine
09FOOD-0224,89,20141020,routine
09FOOD-0224,100,20140501,followup
09FOOD-0224,82,20140421,routine
09FOOD-0227,95,20150403,routine
09FOOD-0227,97,20141022,routine
09FOOD-0227,98,20140424,routine
09FOOD-0229,100,20150302,routine
09FOOD-0229,100,20141119,routine
09FOOD-0229,100,20140805,routine
09FOOD-0229,97,20140430,routine
09FOOD-0231,82,20150319,routine
09FOOD-0231,92,20141114,routine
09FOOD-0231,99,20140512,followup
09FOOD-0231,86,20140428,routine
09FOOD-0232,98,20150317,routine
09FOOD-0232,93,20141117,routine
09FOOD-0232,98,20140324,routine
09FOOD-0233,92,20150302,followup
09FOOD-0233,85,20150211,routine
09FOOD-0233,87,20141003,routine
09FOOD-0233,95,20140520,routine
09FOOD-0233,91,20140123,followup
09FOOD-0233,74,20140123,routine
09FOOD-0235,83,20150225,followup
09FOOD-0235,74,20150217,routine
09FOOD-0235,90,20140627,routine
09FOOD-0237,92,20150507,routine
09FOOD-0237,93,20150121,routine
09FOOD-0237,94,20140708,routine
09FOOD-0237,93,20140325,routine
09FOOD-0240,91,20150324,routine
09FOOD-0240,100,20141124,routine
09FOOD-0240,92,20140730,routine
09FOOD-0240,100,20140625,routine
09FOOD-0241,100,20150508,followup
09FOOD-0241,84,20150505,routine
09FOOD-0241,82,20150120,routine
09FOOD-0241,87,20140728,routine
09FOOD-0241,90,20140404,routine
09FOOD-0242,100,20150212,routine
09FOOD-0243,98,20150512,routine
09FOOD-0243,100,20141108,routine
09FOOD-0243,100,20140624,routine
09FOOD-0244,95,20150115,routine
09FOOD-0244,90,20140617,routine
09FOOD-0244,100,20140321,followup
09FOOD-0244,89,20140320,routine
09FOOD-0245,92,20150609,routine
09FOOD-0245,89,20150129,routine
09FOOD-0245,85,20141002,routine
09FOOD-0245,86,20140609,routine
09FOOD-0245,87,20140218,routine
09FOOD-0246,97,20150225,routine
09FOOD-0246,90,20140709,routine
09FOOD-0246,97,20140205,routine
09FOOD-0247,88,20150330,routine
09FOOD-0247,86,20141105,routine
09FOOD-0247,97,20140805,followup
09FOOD-0247,65,20140724,routine
09FOOD-0247,86,20140408,routine
09FOOD-0249,97,20150107,routine
09FOOD-0249,95,20141104,routine
09FOOD-0249,87,20140422,routine
09FOOD-0251,98,20150612,followup
09FOOD-0251,80,20150601,routine
09FOOD-0251,88,20150211,routine
09FOOD-0251,82,20141015,routine
09FOOD-0251,80,20140521,routine
09FOOD-0251,84,20140121,routine
09FOOD-0252,96,20150309,routine
09FOOD-0252,100,20141121,routine
09FOOD-0252,100,20140808,routine
09FOOD-0252,99,20140418,routine
09FOOD-0253,91,20150302,routine
09FOOD-0253,87,20141021,routine
09FOOD-0253,87,20140616,routine
09FOOD-0253,94,20140416,routine
09FOOD-0258,100,20150310,routine
09FOOD-0258,99,20141020,routine
09FOOD-0258,98,20140303,routine
09FOOD-0259,100,20150521,routine
09FOOD-0259,100,20141112,routine
09FOOD-0259,96,20140506,routine
09FOOD-0260,100,20141104,routine
09FOOD-0260,98,20140605,routine
09FOOD-0261,100,20150603,routine
09FOOD-0261,100,20141107,routine
09FOOD-0261,98,20140507,routine
09FOOD-0262,100,20150604,routine
09FOOD-0262,100,20141105,routine
09FOOD-0262,94,20140506,routine
09FOOD-0263,99,20150603,routine
09FOOD-0263,99,20140507,routine
09FOOD-0264,100,20150605,routine
09FOOD-0264,98,20141015,routine
09FOOD-0264,98,20140506,routine
09FOOD-0265,97,20150310,routine
09FOOD-0265,97,20141020,routine
09FOOD-0265,94,20140425,routine
09FOOD-0266,99,20150310,routine
09FOOD-0266,94,20141020,routine
09FOOD-0266,99,20140303,routine
09FOOD-0268,97,20150317,routine
09FOOD-0268,100,20141125,routine
09FOOD-0268,99,20140506,routine
09FOOD-0269,95,20150305,routine
09FOOD-0269,93,20141027,routine
09FOOD-0269,95,20140304,routine
09FOOD-0270,99,20150116,routine
09FOOD-0270,100,20141022,routine
09FOOD-0270,93,20140506,routine
09FOOD-0271,100,20150212,routine
09FOOD-0271,100,20141028,routine
09FOOD-0271,96,20140313,routine
09FOOD-0272,100,20150320,routine
09FOOD-0272,100,20141028,routine
09FOOD-0272,94,20140318,routine
09FOOD-0274,87,20150413,routine
09FOOD-0274,100,20141117,followup
09FOOD-0274,88,20141104,routine
09FOOD-0274,97,20140423,followup
09FOOD-0274,80,20140414,routine
09FOOD-0275,100,20150320,followup
09FOOD-0275,91,20150309,routine
09FOOD-0275,95,20141029,routine
09FOOD-0275,95,20140306,routine
09FOOD-0276,92,20150430,routine
09FOOD-0276,100,20141209,routine
09FOOD-0276,94,20140318,routine
09FOOD-0277,99,20150512,routine
09FOOD-0277,100,20141117,routine
09FOOD-0277,100,20140319,routine
09FOOD-0278,94,20150218,routine
09FOOD-0278,86,20140131,routine
09FOOD-0279,100,20150123,routine
09FOOD-0279,100,20141022,routine
09FOOD-0279,100,20140418,routine
09FOOD-0281,99,20150513,routine
09FOOD-0281,100,20141021,routine
09FOOD-0281,96,20140611,routine
09FOOD-0282,99,20150420,routine
09FOOD-0282,100,20141117,routine
09FOOD-0282,96,20140319,routine
09FOOD-0283,98,20150406,routine
09FOOD-0283,98,20141022,routine
09FOOD-0283,98,20140418,routine
09FOOD-0284,95,20140514,routine
09FOOD-0285,96,20150602,routine
09FOOD-0285,97,20150203,routine
09FOOD-0285,99,20141014,routine
09FOOD-0285,94,20140605,routine
09FOOD-0285,97,20140224,routine
09FOOD-0287,97,20150513,routine
09FOOD-0287,94,20141120,routine
09FOOD-0287,97,20140502,routine
09FOOD-0288,100,20150209,routine
09FOOD-0288,100,20141031,routine
09FOOD-0288,95,20140312,routine
09FOOD-0289,98,20150417,routine
09FOOD-0289,97,20141024,routine
09FOOD-0289,98,20140425,routine
09FOOD-0290,100,20150407,routine
09FOOD-0290,100,20141108,routine
09FOOD-0290,100,20140414,routine
09FOOD-0291,96,20150609,routine
09FOOD-0291,100,20150318,routine
09FOOD-0291,100,20140610,routine
09FOOD-0293,100,20150421,routine
09FOOD-0293,100,20140507,routine
09FOOD-0294,100,20150327,routine
09FOOD-0294,100,20141030,routine
09FOOD-0294,100,20140404,routine
09FOOD-0295,96,20150609,routine
09FOOD-0295,100,20150218,routine
09FOOD-0295,99,20140610,routine
09FOOD-0296,100,20150504,routine
09FOOD-0297,100,20150318,routine
09FOOD-0297,100,20140610,routine
09FOOD-0298,95,20150313,routine
09FOOD-0299,100,20150218,routine
09FOOD-0299,100,20140610,routine
09FOOD-0300,95,20150526,routine
09FOOD-0300,100,20150306,routine
09FOOD-0301,99,20150609,routine
09FOOD-0301,100,20150306,routine
09FOOD-0301,100,20140610,routine
09FOOD-0302,100,20150526,routine
09FOOD-0302,100,20150504,routine
09FOOD-0303,94,20150420,routine
09FOOD-0303,96,20140428,routine
09FOOD-0304,100,20150415,routine
09FOOD-0304,100,20141111,followup
09FOOD-0304,83,20141031,routine
09FOOD-0304,100,20141023,routine
09FOOD-0304,100,20140312,routine
09FOOD-0305,100,20150331,routine
09FOOD-0305,100,20141107,routine
09FOOD-0305,100,20140410,routine
09FOOD-0306,95,20150120,routine
09FOOD-0306,94,20140711,routine
09FOOD-0306,99,20140128,routine
09FOOD-0307,97,20150122,routine
09FOOD-0307,99,20140721,routine
09FOOD-0307,97,20140227,routine
09FOOD-0308,97,20150310,routine
09FOOD-0308,93,20140807,routine
09FOOD-0308,98,20140303,routine
09FOOD-0309,98,20150121,routine
09FOOD-0309,97,20140716,routine
09FOOD-0309,98,20140127,routine
09FOOD-0310,99,20141006,routine
09FOOD-0310,98,20140404,routine
09FOOD-0311,94,20140618,routine
09FOOD-0314,92,20150507,routine
09FOOD-0314,94,20150113,routine
09FOOD-0314,96,20140708,routine
09FOOD-0314,96,20140325,routine
09FOOD-0322,100,20150122,routine
09FOOD-0322,94,20140707,routine
09FOOD-0322,100,20140110,followup
09FOOD-0323,95,20150611,routine
09FOOD-0323,98,20150128,routine
09FOOD-0323,94,20140925,routine
09FOOD-0323,92,20140521,routine
09FOOD-0323,98,20140117,routine
09FOOD-0324,100,20140820,routine
09FOOD-0325,98,20150527,routine
09FOOD-0325,96,20150204,routine
09FOOD-0325,100,20141203,routine
09FOOD-0325,90,20140827,routine
09FOOD-0325,100,20140526,followup
09FOOD-0325,97,20140514,routine
09FOOD-0326,100,20141124,routine
09FOOD-0327,100,20141125,routine
09FOOD-0329,98,20150415,followup
09FOOD-0329,84,20150408,routine
09FOOD-0329,93,20141121,routine
09FOOD-0329,90,20140808,routine
09FOOD-0329,86,20140422,routine
09FOOD-0330,89,20150407,routine
09FOOD-0330,92,20141119,routine
09FOOD-0330,90,20140813,routine
09FOOD-0330,86,20140421,routine
09FOOD-0334,97,20150602,routine
09FOOD-0334,89,20150126,routine
09FOOD-0334,94,20140925,routine
09FOOD-0334,91,20140515,routine
09FOOD-0334,87,20140116,routine
09FOOD-0335,100,20150501,followup
09FOOD-0335,86,20150428,routine
09FOOD-0335,96,20140514,routine
09FOOD-0335,95,20140115,routine
09FOOD-0337,94,20150511,routine
09FOOD-0337,93,20150105,routine
09FOOD-0337,96,20140731,followup
09FOOD-0337,92,20140724,followup
09FOOD-0337,79,20140718,routine
09FOOD-0337,100,20140424,followup
09FOOD-0337,82,20140416,routine
09FOOD-0338,99,20150612,followup
09FOOD-0338,79,20150603,routine
09FOOD-0338,97,20150113,routine
09FOOD-0338,96,20140922,routine
09FOOD-0338,94,20140520,routine
09FOOD-0338,97,20140114,routine
09FOOD-0339,99,20141212,routine
09FOOD-0340,98,20150320,routine
09FOOD-0340,100,20141119,routine
09FOOD-0340,98,20140731,routine
09FOOD-0340,94,20140430,routine
09FOOD-0342,100,20150618,routine
09FOOD-0342,100,20141023,routine
09FOOD-0344,95,20150309,followup
09FOOD-0344,87,20150226,routine
09FOOD-0344,79,20141008,routine
09FOOD-0344,99,20140617,followup
09FOOD-0344,81,20140610,routine
09FOOD-0344,89,20140224,routine
09FOOD-0345,95,20150528,routine
09FOOD-0345,99,20150126,followup
09FOOD-0345,90,20150121,routine
09FOOD-0345,97,20140513,routine
09FOOD-0345,98,20140114,routine
09FOOD-0348,96,20150112,routine
09FOOD-0348,97,20140723,routine
09FOOD-0348,98,20140226,routine
09FOOD-0351,98,20150326,routine
09FOOD-0351,100,20141125,routine
09FOOD-0351,96,20140822,routine
09FOOD-0351,98,20140428,routine
09FOOD-0352,100,20150216,routine
09FOOD-0352,100,20140627,routine
09FOOD-0354,100,20150415,routine
09FOOD-0354,100,20141125,routine
09FOOD-0354,100,20140331,routine
09FOOD-0355,99,20150519,routine
09FOOD-0355,100,20141113,routine
09FOOD-0355,100,20140721,routine
09FOOD-0356,96,20150416,routine
09FOOD-0356,94,20141107,routine
09FOOD-0356,95,20140417,routine
09FOOD-0357,92,20150326,routine
09FOOD-0357,100,20141223,routine
09FOOD-0357,100,20140729,routine
09FOOD-0357,99,20140425,routine
09FOOD-0358,83,20150223,routine
09FOOD-0358,83,20141006,routine
09FOOD-0358,81,20140618,routine
09FOOD-0358,82,20140225,routine
09FOOD-0359,99,20150430,followup
09FOOD-0359,77,20150420,routine
09FOOD-0359,84,20140826,routine
09FOOD-0359,100,20140430,followup
09FOOD-0359,84,20140429,routine
09FOOD-0363,97,20150310,routine
09FOOD-0363,98,20141027,routine
09FOOD-0363,97,20140626,routine
09FOOD-0364,97,20150303,routine
09FOOD-0364,100,20141202,routine
09FOOD-0364,96,20140826,routine
09FOOD-0364,95,20140421,routine
09FOOD-0365,100,20150213,routine
09FOOD-0365,100,20140313,routine
09FOOD-0366,100,20150428,routine
09FOOD-0366,100,20141108,routine
09FOOD-0366,100,20140624,routine
09FOOD-0367,92,20150603,routine
09FOOD-0367,87,20150128,routine
09FOOD-0367,90,20140930,routine
09FOOD-0367,86,20140603,routine
09FOOD-0367,87,20140204,routine
09FOOD-0369,99,20150518,routine
09FOOD-0369,100,20141113,routine
09FOOD-0369,96,20140625,routine
09FOOD-0371,95,20150416,routine
09FOOD-0371,97,20141030,routine
09FOOD-0372,100,20150323,followup
09FOOD-0372,83,20150312,routine
09FOOD-0372,100,20141120,routine
09FOOD-0372,100,20140806,followup
09FOOD-0372,82,20140718,routine
09FOOD-0372,96,20140421,routine
09FOOD-0373,100,20150420,routine
09FOOD-0373,100,20141110,routine
09FOOD-0373,100,20140624,routine
09FOOD-0374,95,20150416,routine
09FOOD-0374,97,20141107,routine
09FOOD-0374,97,20140415,routine
09FOOD-0375,98,20150427,routine
09FOOD-0375,97,20141210,routine
09FOOD-0375,93,20140122,routine
09FOOD-0376,100,20141103,routine
09FOOD-0377,100,20141104,routine
09FOOD-0379,100,20140828,routine
09FOOD-0380,100,20150615,routine
09FOOD-0380,100,20141208,routine
09FOOD-0380,99,20140616,routine
09FOOD-0384,100,20150511,routine
09FOOD-0384,100,20141108,routine
09FOOD-0384,100,20140414,routine
09FOOD-0385,95,20150407,routine
09FOOD-0385,99,20141029,routine
09FOOD-0385,99,20140429,routine
09FOOD-0386,100,20150424,routine
09FOOD-0388,100,20150116,routine
09FOOD-0388,100,20141022,routine
09FOOD-0388,100,20140506,routine
09FOOD-0389,100,20150424,routine
09FOOD-0389,99,20140428,routine
09FOOD-0390,100,20150325,routine
09FOOD-0390,100,20141208,routine
09FOOD-0390,100,20140825,routine
09FOOD-0390,98,20140430,routine
09FOOD-0392,84,20150617,routine
09FOOD-0392,98,20141112,routine
09FOOD-0392,93,20140708,routine
09FOOD-0393,95,20150420,routine
09FOOD-0393,100,20140428,routine
09FOOD-0394,94,20150618,routine
09FOOD-0394,88,20141218,routine
09FOOD-0394,99,20140717,routine
09FOOD-0396,100,20140819,routine
09FOOD-0397,97,20150324,routine
09FOOD-0397,97,20141021,routine
09FOOD-0398,98,20150323,routine
09FOOD-0400,99,20150527,routine
09FOOD-0400,99,20150115,routine
09FOOD-0400,98,20140922,routine
09FOOD-0400,99,20140512,routine
09FOOD-0400,98,20140115,routine
09FOOD-0401,100,20141016,routine
09FOOD-0402,100,20141022,routine
09FOOD-0403,100,20150424,routine
09FOOD-0405,97,20140623,routine
09FOOD-0406,97,20150427,routine
09FOOD-0406,100,20140710,followup
09FOOD-0406,100,20140421,routine
09FOOD-0407,100,20150413,routine
09FOOD-0407,100,20141229,routine
09FOOD-0407,100,20140828,routine
09FOOD-0407,100,20140514,routine
09FOOD-0408,100,20150504,routine
09FOOD-0409,99,20150422,routine
09FOOD-0409,99,20140407,routine
09FOOD-0410,100,20150213,routine
09FOOD-0410,100,20141007,routine
09FOOD-0410,100,20140310,routine
09FOOD-0411,100,20150417,routine
09FOOD-0411,100,20141110,routine
09FOOD-0411,100,20140624,routine
09FOOD-0414,99,20141117,routine
09FOOD-0415,97,20150311,routine
09FOOD-0415,99,20140820,routine
09FOOD-0415,96,20140304,routine
09FOOD-0416,100,20141014,routine
09FOOD-0418,96,20150421,routine
09FOOD-0418,96,20141022,routine
09FOOD-0418,98,20140307,routine
09FOOD-0424,93,20150116,routine
09FOOD-0424,100,20140723,followup
09FOOD-0424,90,20140716,routine
09FOOD-0424,98,20140211,routine
10FOOD-0001,100,20150109,routine
10FOOD-0001,99,20140709,routine
10FOOD-0001,100,20140211,routine
10FOOD-0007,100,20150209,routine
10FOOD-0007,100,20141029,routine
10FOOD-0007,100,20140616,routine
10FOOD-0008,100,20150519,routine
10FOOD-0008,100,20141223,routine
10FOOD-0008,96,20140725,routine
10FOOD-0011,100,20140820,routine
10FOOD-0017,98,20150128,routine
10FOOD-0017,91,20140805,routine
10FOOD-0017,98,20140124,routine
10FOOD-0019,99,20150311,routine
10FOOD-0019,96,20140729,routine
10FOOD-0019,98,20140325,routine
10FOOD-0020,99,20150417,routine
10FOOD-0020,97,20141014,routine
10FOOD-0020,97,20140319,routine
10FOOD-0021,98,20150216,routine
10FOOD-0021,98,20140819,routine
10FOOD-0021,98,20140310,routine
10FOOD-0022,99,20150424,routine
10FOOD-0022,100,20141201,routine
10FOOD-0022,87,20140829,routine
10FOOD-0022,93,20140324,routine
10FOOD-0024,100,20150514,routine
10FOOD-0024,100,20141112,routine
10FOOD-0024,100,20140625,routine
10FOOD-0026,100,20150430,routine
10FOOD-0026,100,20141117,routine
10FOOD-0026,100,20140430,routine
10FOOD-0034,97,20150302,routine
10FOOD-0034,100,20141124,routine
10FOOD-0034,99,20140812,routine
10FOOD-0034,95,20140226,routine
10FOOD-0035,100,20141219,routine
10FOOD-0037,97,20150120,routine
10FOOD-0037,96,20140711,routine
10FOOD-0037,97,20140128,routine
10FOOD-0039,96,20141113,routine
10FOOD-0039,100,20140110,followup
10FOOD-0044,99,20150128,routine
10FOOD-0044,100,20140725,followup
10FOOD-0044,96,20140718,routine
10FOOD-0044,99,20140227,routine
10FOOD-0045,100,20150428,routine
10FOOD-0045,100,20141107,routine
10FOOD-0045,100,20140624,routine
10FOOD-0048,100,20150615,routine
10FOOD-0048,97,20141208,routine
10FOOD-0048,99,20140616,routine
10FOOD-0049,99,20150511,routine
10FOOD-0049,100,20141108,routine
10FOOD-0049,95,20140718,routine
10FOOD-0050,86,20150615,routine
10FOOD-0050,89,20150422,routine
10FOOD-0050,93,20141202,routine
10FOOD-0050,99,20140729,followup
10FOOD-0050,75,20140717,routine
10FOOD-0050,100,20140415,followup
10FOOD-0050,80,20140409,routine
11FOOD-0001,98,20150330,routine
11FOOD-0001,91,20141007,routine
11FOOD-0001,97,20140421,routine
11FOOD-0003,87,20150127,routine
11FOOD-0003,94,20140702,routine
11FOOD-0004,99,20141024,routine
11FOOD-0009,100,20141215,routine
11FOOD-0011,92,20150123,routine
11FOOD-0011,88,20140718,routine
11FOOD-0011,93,20140227,routine
11FOOD-0013,98,20150320,routine
11FOOD-0013,100,20141120,routine
11FOOD-0013,95,20140806,routine
11FOOD-0013,93,20140516,routine
11FOOD-0015,97,20141111,routine
11FOOD-0016,95,20150420,routine
11FOOD-0016,100,20141203,routine
11FOOD-0016,100,20140701,routine
11FOOD-0018,100,20150520,routine
11FOOD-0018,100,20141112,routine
11FOOD-0018,100,20140624,routine
11FOOD-0019,100,20141111,routine
11FOOD-0020,100,20140824,routine
11FOOD-0022,96,20141110,routine
11FOOD-0025,96,20150114,routine
11FOOD-0025,92,20140723,routine
11FOOD-0025,99,20140224,followup
11FOOD-0025,86,20140219,routine
11FOOD-0026,90,20150415,routine
11FOOD-0026,100,20141120,routine
11FOOD-0026,97,20140421,routine
11FOOD-0028,93,20141202,routine
11FOOD-0028,96,20140620,routine
11FOOD-0036,100,20150320,routine
11FOOD-0036,100,20141202,routine
11FOOD-0036,100,20140828,routine
11FOOD-0036,100,20140616,routine
11FOOD-0039,98,20150204,routine
11FOOD-0039,99,20140806,routine
11FOOD-0039,98,20140305,routine
11FOOD-0043,95,20140521,routine
12FOOD-0001,98,20150217,followup
12FOOD-0001,82,20150210,routine
12FOOD-0001,89,20141007,routine
12FOOD-0001,78,20140528,routine
12FOOD-0001,88,20140129,routine
12FOOD-0004,90,20150527,routine
12FOOD-0004,91,20150120,routine
12FOOD-0004,92,20140923,routine
12FOOD-0004,78,20140519,routine
12FOOD-0004,91,20140103,routine
12FOOD-0007,100,20150122,routine
12FOOD-0007,100,20140819,routine
12FOOD-0008,100,20150407,routine
12FOOD-0008,100,20141119,routine
12FOOD-0008,100,20140813,routine
12FOOD-0008,100,20140421,routine
12FOOD-0009,90,20150421,routine
12FOOD-0009,92,20140512,routine
12FOOD-0011,96,20141106,routine
12FOOD-0016,98,20150211,routine
12FOOD-0022,95,20150410,followup
12FOOD-0022,72,20150409,routine
12FOOD-0022,90,20141105,routine
12FOOD-0022,94,20140617,routine
12FOOD-0022,84,20140123,routine
12FOOD-0023,90,20150112,routine
12FOOD-0023,92,20140707,routine
12FOOD-0023,100,20140102,followup
12FOOD-0024,88,20150122,routine
12FOOD-0024,91,20140924,routine
12FOOD-0024,95,20140605,routine
12FOOD-0024,93,20140218,routine
12FOOD-0025,93,20150318,routine
12FOOD-0025,94,20141028,routine
12FOOD-0025,100,20140602,followup
12FOOD-0025,92,20140519,routine
12FOOD-0027,98,20140422,routine
12FOOD-0028,100,20140819,routine
12FOOD-0030,99,20141113,routine
12FOOD-0033,99,20150427,routine
12FOOD-0033,100,20141114,routine
12FOOD-0033,91,20140425,routine
12FOOD-0034,92,20150216,routine
12FOOD-0034,89,20141016,routine
12FOOD-0034,94,20140627,routine
12FOOD-0036,98,20150210,routine
12FOOD-0036,99,20141016,routine
12FOOD-0036,96,20140623,routine
12FOOD-0039,100,20150313,routine
12FOOD-0039,100,20140425,routine
12FOOD-0040,100,20150424,routine
12FOOD-0040,100,20141117,routine
12FOOD-0040,100,20140721,routine
12FOOD-0041,93,20150122,routine
12FOOD-0041,100,20140604,followup
12FOOD-0041,82,20140603,routine
12FOOD-0041,94,20140129,routine
12FOOD-0042,96,20150513,routine
12FOOD-0042,100,20141112,routine
12FOOD-0042,99,20140418,routine
12FOOD-0045,92,20150313,routine
12FOOD-0045,93,20141009,routine
12FOOD-0045,87,20140611,routine
12FOOD-0045,90,20140217,routine
12FOOD-0046,100,20150506,followup
12FOOD-0046,83,20150506,routine
12FOOD-0046,100,20150219,followup
12FOOD-0046,78,20150218,routine
12FOOD-0046,80,20141103,routine
12FOOD-0046,81,20140731,routine
12FOOD-0046,100,20140328,followup
12FOOD-0046,86,20140321,followup
12FOOD-0046,82,20140312,routine
12FOOD-0047,100,20140618,routine
12FOOD-0048,100,20150421,routine
12FOOD-0048,100,20141124,routine
12FOOD-0048,100,20140730,routine
12FOOD-0049,96,20150303,routine
12FOOD-0049,92,20141029,routine
12FOOD-0049,100,20140716,followup
12FOOD-0049,93,20140703,routine
12FOOD-0049,89,20140402,routine
12FOOD-0054,99,20141023,routine
12FOOD-0055,93,20150302,routine
12FOOD-0055,93,20141023,routine
12FOOD-0055,93,20140708,routine
12FOOD-0055,94,20140401,routine
12FOOD-0057,90,20150303,routine
12FOOD-0057,94,20141007,routine
12FOOD-0057,89,20140407,routine
13FOOD-0002,97,20150423,routine
13FOOD-0002,100,20141114,routine
13FOOD-0002,96,20140618,routine
13FOOD-0004,99,20150225,followup
13FOOD-0004,85,20150210,routine
13FOOD-0004,89,20141001,routine
13FOOD-0004,89,20140611,routine
13FOOD-0004,89,20140116,routine
13FOOD-0005,96,20140627,routine
13FOOD-0005,92,20140219,routine
13FOOD-0006,100,20150122,routine
13FOOD-0006,100,20140905,routine
13FOOD-0008,99,20150320,routine
13FOOD-0008,100,20141017,routine
13FOOD-0008,98,20140624,routine
13FOOD-0009,90,20150304,routine
13FOOD-0009,98,20141104,followup
13FOOD-0009,92,20141027,routine
13FOOD-0009,96,20140714,followup
13FOOD-0009,87,20140703,routine
13FOOD-0009,93,20140407,routine
13FOOD-0010,100,20150313,routine
13FOOD-0011,100,20141201,routine
13FOOD-0013,100,20141104,routine
13FOOD-0014,93,20150109,routine
13FOOD-0014,95,20140724,routine
13FOOD-0014,90,20140307,routine
13FOOD-0015,86,20150220,routine
13FOOD-0015,89,20141029,routine
13FOOD-0015,88,20140709,routine
13FOOD-0015,94,20140312,routine
13FOOD-0016,96,20150320,routine
13FOOD-0016,98,20141010,routine
13FOOD-0016,100,20140416,followup
13FOOD-0016,88,20140410,routine
13FOOD-0019,93,20150323,routine
13FOOD-0019,92,20141006,routine
13FOOD-0019,95,20140408,routine
13FOOD-0020,100,20141031,routine
13FOOD-0021,98,20141111,routine
13FOOD-0023,100,20150520,routine
13FOOD-0023,100,20141206,routine
13FOOD-0023,100,20140824,routine
13FOOD-0023,100,20140518,routine
13FOOD-0026,94,20150323,routine
13FOOD-0026,94,20141117,routine
13FOOD-0026,91,20140623,routine
13FOOD-0026,99,20140324,followup
13FOOD-0026,91,20140305,routine
13FOOD-0027,94,20150311,routine
13FOOD-0028,99,20150423,routine
13FOOD-0028,96,20140423,routine
13FOOD-0030,90,20150324,routine
13FOOD-0030,93,20141007,routine
13FOOD-0030,94,20140418,routine
13FOOD-0031,93,20150116,routine
13FOOD-0031,91,20140702,routine
13FOOD-0031,94,20140113,routine
13FOOD-0033,100,20150302,routine
13FOOD-0033,100,20141103,routine
13FOOD-0034,98,20150227,routine
13FOOD-0034,99,20140429,routine
13FOOD-0035,99,20150311,routine
13FOOD-0037,100,20141118,routine
13FOOD-0038,98,20150126,routine
13FOOD-0038,96,20141030,routine
13FOOD-0038,94,20140613,routine
13FOOD-0041,93,20140521,routine
13FOOD-0044,98,20150428,routine
13FOOD-0044,100,20141107,routine
13FOOD-0044,99,20140724,routine
13FOOD-0045,100,20150518,routine
13FOOD-0045,100,20141124,routine
13FOOD-0045,100,20140625,routine
13FOOD-0046,97,20150529,routine
13FOOD-0046,98,20150115,routine
13FOOD-0046,97,20140814,routine
13FOOD-0048,100,20150303,routine
13FOOD-0048,100,20141125,routine
13FOOD-0048,94,20140821,routine
13FOOD-0048,94,20140422,routine
13FOOD-0050,100,20140521,routine
13FOOD-0052,98,20140724,routine
13FOOD-0060,92,20150205,routine
13FOOD-0060,85,20141013,routine
13FOOD-0060,94,20140626,routine
13FOOD-0061,100,20150429,routine
13FOOD-0061,100,20141107,routine
13FOOD-0061,100,20140624,routine
13FOOD-0064,100,20150501,followup
13FOOD-0064,96,20150428,routine
13FOOD-0064,98,20141031,routine
14FOOD-0001,94,20140701,routine
14FOOD-0004,97,20150203,routine
14FOOD-0004,97,20140818,routine
14FOOD-0005,100,20150422,routine
14FOOD-0007,100,20141126,routine
14FOOD-0009,100,20141113,routine
14FOOD-0009,100,20140724,routine
14FOOD-0012,99,20150305,routine
14FOOD-0013,99,20141212,routine
14FOOD-0016,91,20150617,routine
14FOOD-0016,94,20150224,routine
14FOOD-0016,92,20141014,routine
14FOOD-0016,96,20140625,routine
14FOOD-0017,87,20150427,routine
14FOOD-0026,98,20150415,followup
14FOOD-0026,76,20150409,routine
14FOOD-0026,90,20141203,routine
14FOOD-0027,99,20150113,routine
14FOOD-0028,93,20150416,routine
14FOOD-0028,98,20141103,routine
14FOOD-0030,99,20150417,routine
14FOOD-0031,96,20150610,routine
14FOOD-0031,100,20150116,followup
14FOOD-0031,68,20150112,routine
14FOOD-0033,99,20150402,routine
14FOOD-0034,100,20150514,routine
14FOOD-0035,100,20150522,routine
14FOOD-0035,98,20150211,routine
14FOOD-0036,97,20150205,routine
14FOOD-0037,94,20150313,routine
14FOOD-0038,86,20150114,routine
14FOOD-0039,87,20150129,routine
14FOOD-0039,100,20141230,followup
14FOOD-0041,98,20150319,routine
14FOOD-0041,97,20141114,routine
14FOOD-0043,93,20150422,routine
14FOOD-0048,95,20150528,routine
14FOOD-0050,94,20150611,routine
14FOOD-0051,100,20150417,routine
15FOOD-0002,100,20150306,routine
15FOOD-0010,95,20150304,routine
15FOOD-0011,100,20150306,routine
15FOOD-0030,100,20150617,followup
15FOOD-0030,74,20150610,routine
08FOOD-0177,86,20150622,routine
09FOOD-0208,87,20150622,followup
09FOOD-0232,96,20150622,routine
13FOOD-0060,80,20150622,routine
09FOOD-0117,82,20150623,routine
09FOOD-0215,100,20150623,followup
09FOOD-0340,84,20150623,routine
09FOOD-0358,90,20150623,routine
13FOOD-0030,92,20150623,routine
09FOOD-0207,95,20150624,routine
09FOOD-0231,73,20150624,routine
12FOOD-0001,85,20150624,routine
15FOOD-0002,97,20150624,routine
09FOOD-0036,81,20150625,routine
09FOOD-0170,87,20150625,routine
14FOOD-0027,95,20150625,routine
09FOOD-0083,86,20150626,routine
09FOOD-0129,100,20150626,routine
14FOOD-0045,100,20150626,routine
08FOOD-0177,100,20150629,followup
09FOOD-0247,83,20150629,routine
13FOOD-0004,78,20150629,routine
15FOOD-0001,98,20150629,routine
09FOOD-0083,86,20150630,routine
09FOOD-0101,84,20150630,routine
09FOOD-0233,87,20150630,routine
10FOOD-0034,95,20150630,routine
11FOOD-0013,96,20150630,routine
12FOOD-0001,94,20150630,followup
12FOOD-0018,97,20150630,routine
12FOOD-0024,95,20150630,routine
13FOOD-0060,100,20150630,routine
15FOOD-0023,93,20150630,routine
09FOOD-0231,100,20150701,followup
09FOOD-0244,98,20150701,routine
08FOOD-0175,81,20150706,routine
09FOOD-0061,83,20150706,routine
08FOOD-0175,100,20150707,followup
09FOOD-0036,91,20150707,followup
10FOOD-0001,97,20150707,routine
09FOOD-0105,99,20150708,routine
09FOOD-0187,99,20150708,routine
13FOOD-0014,100,20150708,routine
10FOOD-0019,99,20150709,routine
09FOOD-0235,62,20150710,routine
12FOOD-0036,100,20150713,routine
14FOOD-0039,87,20150713,routine
09FOOD-0070,95,20150714,routine
09FOOD-0186,100,20150714,routine
09FOOD-0229,99,20150714,routine
09FOOD-0233,98,20150714,followup
09FOOD-0235,93,20150714,followup
09FOOD-0424,93,20150714,routine
12FOOD-0055,95,20150715,routine
08FOOD-0181,96,20150720,routine
09FOOD-0039,95,20150720,routine
09FOOD-0061,100,20150721,followup
09FOOD-0091,96,20150721,routine
12FOOD-0025,91,20150721,routine
12FOOD-0049,92,20150721,routine
13FOOD-0048,98,20150721,routine
09FOOD-0042,98,20150723,routine
09FOOD-0066,74,20150723,routine
09FOOD-0093,98,20150722,routine
09FOOD-0184,91,20150722,routine
09FOOD-0351,100,20150722,routine
09FOOD-0390,100,20150722,routine
11FOOD-0016,99,20150723,routine
11FOOD-0028,94,20150722,routine
12FOOD-0045,73,20150723,routine
12FOOD-0049,92,20150722,routine
13FOOD-0009,76,20150723,routine
09FOOD-0073,91,20150727,routine
09FOOD-0246,93,20150727,routine
13FOOD-0026,95,20150727,routine
08FOOD-0174,100,20150728,routine
09FOOD-0151,98,20150728,routine
09FOOD-0309,98,20150728,routine
09FOOD-0344,89,20150728,routine
12FOOD-0034,100,20150728,routine
13FOOD-0031,92,20150728,routine
09FOOD-0066,100,20150729,followup
09FOOD-0335,97,20150729,routine
09FOOD-0079,79,20150730,routine
11FOOD-0039,98,20150730,routine
12FOOD-0045,99,20150730,followup
13FOOD-0009,98,20150730,followup
09FOOD-0185,99,20150803,routine
09FOOD-0189,100,20150803,routine
09FOOD-0335,97,20150803,routine
11FOOD-0025,93,20150803,routine
09FOOD-0092,91,20150804,routine
09FOOD-0192,96,20150804,routine
12FOOD-0041,91,20150804,routine
09FOOD-0154,97,20150805,routine
09FOOD-0192,96,20150805,routine
09FOOD-0371,94,20150805,routine
09FOOD-0154,97,20150807,routine
09FOOD-0192,96,20150807,routine
09FOOD-0348,98,20150807,routine
15FOOD-0005,97,20150807,routine
08FOOD-0180,87,20150810,routine
09FOOD-0054,94,20150810,routine
10FOOD-0044,99,20150810,routine
13FOOD-0038,97,20150810,routine
09FOOD-0307,96,20150811,routine
12FOOD-0023,93,20150811,routine
15FOOD-0007,99,20150811,routine
15FOOD-0012,95,20150811,routine
09FOOD-0385,91,20150812,routine
14FOOD-0038,91,20150812,routine
15FOOD-0008,92,20150812,routine
09FOOD-0100,76,20150813,routine
09FOOD-0100,76,20150814,routine
09FOOD-0191,99,20150814,routine
09FOOD-0306,91,20150814,routine
09FOOD-0385,100,20150814,followup
10FOOD-0037,94,20150814,routine
09FOOD-0385,100,20150817,followup
15FOOD-0031,93,20150817,routine
09FOOD-0077,77,20150818,routine
09FOOD-0183,95,20150818,routine
10FOOD-0021,98,20150818,routine
09FOOD-0075,92,20150819,routine
09FOOD-0249,84,20150820,routine
12FOOD-0047,99,20150820,routine
13FOOD-0052,97,20150820,routine
09FOOD-0170,100,20150821,followup
13FOOD-0019,84,20150821,routine
09FOOD-0170,95,20150824,followup
12FOOD-0057,88,20150825,routine
09FOOD-0170,100,20150826,followup
13FOOD-0064,98,20150826,routine
14FOOD-0012,100,20150826,routine
14FOOD-0037,94,20150826,routine
12FOOD-0009,87,20150827,routine
09FOOD-0249,100,20150828,followup
09FOOD-0311,92,20150828,routine
09FOOD-0020,96,20150831,routine
09FOOD-0077,99,20150831,followup
09FOOD-0079,98,20150831,followup
09FOOD-0121,90,20150831,routine
09FOOD-0375,98,20150831,routine
09FOOD-0171,97,20150901,routine
09FOOD-0322,97,20150901,routine
13FOOD-0016,98,20150901,routine
13FOOD-0008,99,20150902,routine
14FOOD-0026,89,20150902,routine
09FOOD-0308,96,20150903,routine
09FOOD-0330,94,20150903,routine
12FOOD-0009,100,20150903,followup
14FOOD-0041,99,20150903,routine
09FOOD-0202,99,20150908,routine
09FOOD-0132,100,20150910,routine
09FOOD-0329,83,20150910,routine
09FOOD-0363,95,20150910,routine
15FOOD-0010,80,20150910,routine
10FOOD-0009,76,20150914,routine
10FOOD-0017,95,20150914,routine
09FOOD-0182,93,20150915,routine
09FOOD-0216,72,20150915,routine
14FOOD-0050,88,20150915,routine
09FOOD-0029,83,20150916,routine
09FOOD-0029,100,20150918,followup
09FOOD-0100,92,20150918,followup
09FOOD-0029,100,20150921,followup
09FOOD-0045,99,20150921,routine
09FOOD-0269,90,20150921,routine
15FOOD-0010,100,20150921,followup
09FOOD-0051,99,20150922,routine
09FOOD-0128,98,20150922,routine
09FOOD-0241,83,20150922,routine
09FOOD-0274,85,20150922,routine
13FOOD-0013,100,20150922,routine
09FOOD-0072,82,20150923,routine
09FOOD-0278,93,20150923,routine
09FOOD-0415,95,20150923,routine
08FOOD-0189,92,20150924,routine
09FOOD-0241,100,20150924,followup
12FOOD-0054,99,20150924,routine
15FOOD-0002,95,20150924,routine
09FOOD-0037,93,20150925,routine
09FOOD-0274,98,20150925,followup
08FOOD-0177,88,20150928,routine
09FOOD-0241,100,20150928,followup
09FOOD-0275,86,20150928,routine
10FOOD-0009,99,20150928,followup
09FOOD-0029,100,20150929,followup
09FOOD-0320,91,20150929,routine
09FOOD-0029,100,20150930,followup
09FOOD-0133,100,20150930,routine
09FOOD-0149,100,20150930,routine
09FOOD-0224,91,20150930,routine
12FOOD-0010,100,20150930,routine
09FOOD-0216,95,20151001,followup
09FOOD-0224,100,20151001,followup
15FOOD-0023,100,20151001,routine
09FOOD-0326,99,20151002,routine
09FOOD-0108,95,20151006,routine
09FOOD-0212,98,20151007,routine
09FOOD-0232,99,20151007,routine
09FOOD-0359,92,20151007,followup
09FOOD-0359,74,20151007,routine
11FOOD-0001,93,20151007,routine
12FOOD-0008,99,20151007,routine
12FOOD-0046,96,20151008,routine
13FOOD-0030,94,20151008,routine
09FOOD-0095,89,20151009,routine
12FOOD-0046,100,20151009,followup
09FOOD-0095,89,20151013,routine
09FOOD-0106,97,20151013,routine
09FOOD-0283,99,20151013,routine
11FOOD-0021,94,20151013,routine
14FOOD-0028,95,20151013,routine
15FOOD-0003,81,20151014,routine
09FOOD-0068,85,20151015,routine
09FOOD-0231,88,20151015,routine
09FOOD-0268,99,20151015,routine
14FOOD-0048,97,20151015,routine
09FOOD-0418,98,20151016,routine
09FOOD-0258,97,20151019,routine
09FOOD-0260,100,20151019,routine
09FOOD-0265,98,20151019,routine
09FOOD-0266,97,20151019,routine
14FOOD-0030,94,20151019,routine
14FOOD-0051,100,20151019,routine
15FOOD-0043,97,20151019,routine
09FOOD-0087,96,20151020,routine
09FOOD-0089,95,20151020,routine
10FOOD-0034,100,20151020,followup
15FOOD-0025,98,20151020,routine
09FOOD-0214,90,20151021,routine
10FOOD-0034,100,20151021,followup
09FOOD-0129,100,20151023,routine
09FOOD-0237,100,20151023,routine
09FOOD-0281,100,20151023,routine
10FOOD-0026,100,20151023,routine
09FOOD-0060,97,20151027,routine
09FOOD-0147,100,20151027,routine
09FOOD-0084,100,20151030,routine
09FOOD-0409,99,20151102,routine
